<?xml version="1.0" encoding="UTF-8"?>
<testResults version="1.2">
<httpSample t="799" it="0" lt="798" ct="0" ts="1592494131896" s="false" lb="添加接口__IDO130" rc="200" rm="OK" tn="模拟批量添加用户_CSV入参 1-1" dt="text" de="" by="1411" sby="319" sc="1" ec="1" ng="1" na="1" hn="LAPTOP-3Q9JU4KS">
  <assertionResult>
    <name>响应断言</name>
    <failure>true</failure>
    <error>false</error>
    <failureMessage>Test failed: text expected to contain /老徐12/</failureMessage>
  </assertionResult>
  <responseHeader class="java.lang.String">HTTP/1.1 200 OK
Date: Thu, 18 Jun 2020 15:28:51 GMT
Content-Type: application/json
Content-Length: 1150
Connection: keep-alive
server: istio-envoy
access-control-allow-origin: *
access-control-allow-credentials: true
x-envoy-upstream-service-time: 6
</responseHeader>
  <requestHeader class="java.lang.String">Connection: keep-alive
Content-Length: 137
Content-Type: text/plain; charset=UTF-8
Host: httpbin.org
User-Agent: Apache-HttpClient/4.5.7 (Java/1.8.0_161)
</requestHeader>
  <responseData class="java.lang.String">{
  &quot;args&quot;: {}, 
  &quot;data&quot;: &quot;{\r\n                \&quot;login_name\&quot;:\&quot;IDO130\&quot;,\r\n                \&quot;phone\&quot;:\&quot;13100000007\&quot;,\r\n                \&quot;real_name\&quot;:\&quot;老徐130\&quot;\r\n            }&quot;, 
  &quot;files&quot;: {}, 
  &quot;form&quot;: {}, 
  &quot;headers&quot;: {
    &quot;Content-Length&quot;: &quot;137&quot;, 
    &quot;Content-Type&quot;: &quot;text/plain; charset=UTF-8&quot;, 
    &quot;Host&quot;: &quot;httpbin.org&quot;, 
    &quot;User-Agent&quot;: &quot;Apache-HttpClient/4.5.7 (Java/1.8.0_161)&quot;, 
    &quot;X-Amzn-Trace-Id&quot;: &quot;Root=1-5eeb8833-ecbd65c0f984963cd95974bc&quot;, 
    &quot;X-B3-Parentspanid&quot;: &quot;7529a02df07ed107&quot;, 
    &quot;X-B3-Sampled&quot;: &quot;0&quot;, 
    &quot;X-B3-Spanid&quot;: &quot;133a1ac90e195ae3&quot;, 
    &quot;X-B3-Traceid&quot;: &quot;38b3e6c304a101b27529a02df07ed107&quot;, 
    &quot;X-Envoy-External-Address&quot;: &quot;122.97.175.68&quot;, 
    &quot;X-Forwarded-Client-Cert&quot;: &quot;By=spiffe://cluster.local/ns/httpbin-istio/sa/httpbin;Hash=1299992fa70ccbeddbc3ee7dd76d0ed97dd505321be89f4d834e5ed37db70ba5;Subject=\&quot;\&quot;;URI=spiffe://cluster.local/ns/istio-system/sa/istio-ingressgateway-service-account&quot;
  }, 
  &quot;json&quot;: {
    &quot;login_name&quot;: &quot;IDO130&quot;, 
    &quot;phone&quot;: &quot;13100000007&quot;, 
    &quot;real_name&quot;: &quot;老徐130&quot;
  }, 
  &quot;origin&quot;: &quot;122.97.175.68,10.100.91.201&quot;, 
  &quot;url&quot;: &quot;http://httpbin.org/post&quot;
}
</responseData>
  <responseFile class="java.lang.String"></responseFile>
  <cookies class="java.lang.String"></cookies>
  <method class="java.lang.String">POST</method>
  <queryString class="java.lang.String">{&#xd;
                &quot;login_name&quot;:&quot;IDO130&quot;,&#xd;
                &quot;phone&quot;:&quot;13100000007&quot;,&#xd;
                &quot;real_name&quot;:&quot;老徐130&quot;&#xd;
            }</queryString>
  <java.net.URL>http://httpbin.org/post</java.net.URL>
</httpSample>

</testResults>
